"donor_info","donor_id","Mut_type","node","variant_ID"
"27 F","PD50308","SV",31,"del_19"
"27 F","PD50308","SV",2,"del_2"
"27 F","PD50308","SV",67,"del_5"
"38 M","PD40667","SV",43,"dup_10"
"40 F","PD50307","SV",28,"del_13"
"40 F","PD50307","SV",7,"inv_X"
"48 M","PD41048","SV",36,"dup_3"
"48 M","PD41048","SV",99,"del_13"
"48 M","PD41048","SV",111,"del_X"
"48 M","PD41048","SV",118,"del_1 "
"48 F","PD47703","CN",133,"9q_CN_LOH"
"48 F","PD47703","CN",125,"9q_CN_LOH"
"48 F","PD47703","CN",189,"14q_CN_LOH"
"48 F","PD47703","SV",173,"del_1"
"48 F","PD47703","SV",21,"del_10"
"48 F","PD47703","SV",93,"del_14"
"48 F","PD47703","SV",370,"del_16"
"48 F","PD47703","SV",356,"del_13 + del_19"
"48 F","PD47703","SV",78,"del_2"
"48 F","PD47703","SV",337,"del_3"
"48 F","PD47703","SV",282,"del_4 + inv_12"
"48 F","PD47703","SV",128,"del_4"
"48 F","PD47703","SV",24,"del_6"
"48 F","PD47703","SV",289,"inv_13"
"48 F","PD47703","SV",123,"inv_4"
"48 F","PD47703","SV",61,"inv_8"
"48 F","PD47703","SV",126,"inv_X"
"48 F","PD47703","SV",199,"trans_1_22"
"48 F","PD47703","SV",84,"trans_9_13"
"60 F","PD49237","SV",6,"del_10"
"60 F","PD49237","SV",9,"del_11"
"60 F","PD49237","SV",38,"del_3"
"61 F","PD47537","CN",20,"22_CN_LOH"
"63 M","PD49236","CN",133,"20_CN_LOH"
"63 M","PD49236","SV",72,"del_1"
"63 M","PD49236","SV",51,"del_20"
"63 M","PD49236","SV",5,"del_3"
"63 M","PD49236","SV",167,"del_4_1"
"63 M","PD49236","SV",64,"del_4_2"
"63 M","PD49236","SV",3,"del_5"
"63 M","PD49236","SV",121,"del_7"
"63 M","PD49236","SV",103,"del_8"
"63 M","PD49236","SV",13,"dup_10"
"63 M","PD49236","SV",303,"dup_18"
"63 M","PD49236","SV",84,"trans_14"
"63 F","PD44579","CN",208,"10q_CN_LOH"
"63 F","PD44579","SV",87,"del_18"
"63 F","PD44579","SV",235,"del_2"
"63 F","PD44579","SV",16,"dup_2"
"63 F","PD44579","SV",98,"inv_2"
"63 F","PD44579","SV",55,"inv_6"
"63 F","PD44579","SV",168,"inv_7"
"77 F","PD45534","CN",104,"12q_CN_LOH"
"77 F","PD45534","CN",159,"19q_CN_LOH"
"77 F","PD45534","SV",111,"dup_6"
"77 F","PD45534","SV",134,"del_4"
"77 F","PD45534","SV",162,"inv_3"
"77 F","PD45534","SV",2,"dup_13"
"77 F","PD45534","SV",6,"inv_7"
"77 F","PD45534","SV",165,"del_16"
"77 F","PD45534","SV",169,"trans_5_20"
