"Chrom","Pos","Ref","Alt","mut_type","node","Gene","Transcript","RNA","CDS","Protein","Type","SO_codes","variant_ID","protein_coding_mutation","splice_variant","exon_UTR","intron_UTR","non_coding","protein_coding_chip_variant","protein_coding_cancer_variant","biobank_driver","Donor"
"1",11273599,"T","A","snv",1,"MTOR","CCDS127.1","r.3219a>u","c.3142A>T","p.I1048F","protein_coding:exon:CDS:substitution:codon_variant:non_synonymous_codon","SO:0000010:SO:0000147:SO:0000316:SO:1000002:SO:0001581:SO:0001583","MTOR p.I1048F","Protein coding mutation","no","no","no","no","no","Protein coding variant in cancer gene","no","PD37580"
"1",15821782,"T","G","snv",8,"CASP9","CCDS158.1","r.1129a>c","c.1034A>C","p.Y345S","protein_coding:exon:CDS:substitution:codon_variant:non_synonymous_codon","SO:0000010:SO:0000147:SO:0000316:SO:1000002:SO:0001581:SO:0001583","CASP9 p.Y345S","Protein coding mutation","no","no","no","no","no","Protein coding variant in cancer gene","no","PD37580"
"10",43612057,"G","T","snv",10,"RET","CCDS7200.1","r.2394g>u","c.2162G>T","p.R721L","protein_coding:exon:CDS:substitution:codon_variant:non_synonymous_codon","SO:0000010:SO:0000147:SO:0000316:SO:1000002:SO:0001581:SO:0001583","RET p.R721L","Protein coding mutation","no","no","no","no","no","Protein coding variant in cancer gene","no","PD37580"
"10",51580944,"A","G","snv",2,"NCOA4","CCDS44394.1","r.647a>g","c.395A>G","p.N132S","protein_coding:exon:CDS:substitution:codon_variant:non_synonymous_codon","SO:0000010:SO:0000147:SO:0000316:SO:1000002:SO:0001581:SO:0001583","NCOA4 p.N132S","Protein coding mutation","no","no","no","no","no","Protein coding variant in cancer gene","no","PD37580"
"10",81471604,"T","A","snv",8,"NUTM2B","CCDS60574.1","r.2383u>a","c.2000T>A","p.V667D","protein_coding:exon:CDS:substitution:codon_variant:non_synonymous_codon","SO:0000010:SO:0000147:SO:0000316:SO:1000002:SO:0001581:SO:0001583","NUTM2B p.V667D","Protein coding mutation","no","no","no","no","no","Protein coding variant in cancer gene","no","PD37580"
"11",108186598,"T","G","snv",4,"ATM","CCDS31669.1","r.6440u>g","c.6055T>G","p.Y2019D","protein_coding:exon:CDS:substitution:codon_variant:non_synonymous_codon","SO:0000010:SO:0000147:SO:0000316:SO:1000002:SO:0001581:SO:0001583","ATM p.Y2019D","Protein coding mutation","no","no","no","no","no","Protein coding variant in cancer gene","no","PD37580"
"12",50480629,"G","C","snv",8,"SMARCD1","CCDS8797.2","r.897g>c","c.499G>C","p.D167H","protein_coding:exon:CDS:substitution:codon_variant:non_synonymous_codon","SO:0000010:SO:0000147:SO:0000316:SO:1000002:SO:0001581:SO:0001583","SMARCD1 p.D167H","Protein coding mutation","no","no","no","no","no","Protein coding variant in cancer gene","no","PD37580"
"12",59267949,"A","C","snv",5,"LRIG3","CCDS8960.1","r.3290u>g","c.3003T>G","p.S1001R","protein_coding:exon:CDS:substitution:codon_variant:non_synonymous_codon","SO:0000010:SO:0000147:SO:0000316:SO:1000002:SO:0001581:SO:0001583","LRIG3 p.S1001R","Protein coding mutation","no","no","no","no","no","Protein coding variant in cancer gene","no","PD37580"
"13",32911380,"T","C","snv",7,"BRCA2","CCDS9344.1","r.3115u>c","c.2888T>C","p.I963T","protein_coding:exon:CDS:substitution:codon_variant:non_synonymous_codon","SO:0000010:SO:0000147:SO:0000316:SO:1000002:SO:0001581:SO:0001583","BRCA2 p.I963T","Protein coding mutation","no","no","no","no","no","Protein coding variant in cancer gene","no","PD37580"
"14",32561044,"A","T","snv",2,"ARHGAP5","CCDS32062.1","r.1484a>u","c.1169A>T","p.D390V","protein_coding:exon:CDS:substitution:codon_variant:non_synonymous_codon","SO:0000010:SO:0000147:SO:0000316:SO:1000002:SO:0001581:SO:0001583","ARHGAP5 p.D390V","Protein coding mutation","no","no","no","no","no","Protein coding variant in cancer gene","no","PD37580"
"17",39081586,"C","G","snv",2,"KRT23","CCDS11380.1","r.?","-","-","protein_coding:intron:CDS:substitution:intron_variant","SO:0000010:SO:0000188:SO:0000316:SO:1000002:SO:0001627","KRT23 -","no","no","no","no","Non coding driver","no","no","no","PD37580"
"17",58740698,"A","T","snv",5,"PPM1D","CCDS11625.1","r.1835a>u","c.1603A>T","p.K535*","protein_coding:exon:CDS:substitution:codon_variant:stop_gained","SO:0000010:SO:0000147:SO:0000316:SO:1000002:SO:0001581:SO:0001587","PPM1D p.K535*","Protein coding mutation","no","no","no","no","Protein coding variant in driver gene","Protein coding variant in cancer gene","no","PD37580"
"17",7577559,"G","C","snv",10,"TP53","CCDS11118.1","r.912c>g","c.722C>G","p.S241C","protein_coding:exon:CDS:substitution:codon_variant:non_synonymous_codon","SO:0000010:SO:0000147:SO:0000316:SO:1000002:SO:0001581:SO:0001583","TP53 p.S241C","Protein coding mutation","no","no","no","no","Protein coding variant in driver gene","Protein coding variant in cancer gene","no","PD37580"
"17",7578266,"T","A","snv",19,"TP53","CCDS11118.1","r.773a>u","c.583A>T","p.I195F","protein_coding:exon:CDS:substitution:codon_variant:non_synonymous_codon","SO:0000010:SO:0000147:SO:0000316:SO:1000002:SO:0001581:SO:0001583","TP53 p.I195F","Protein coding mutation","no","no","no","no","Protein coding variant in driver gene","Protein coding variant in cancer gene","no","PD37580"
"17",7578403,"C","T","snv",19,"TP53","CCDS11118.1","r.717g>a","c.527G>A","p.C176Y","protein_coding:exon:CDS:substitution:codon_variant:non_synonymous_codon","SO:0000010:SO:0000147:SO:0000316:SO:1000002:SO:0001581:SO:0001583","TP53 p.C176Y","Protein coding mutation","no","no","no","no","Protein coding variant in driver gene","Protein coding variant in cancer gene","no","PD37580"
"17",7578535,"T","C","snv",9,"TP53","CCDS11118.1","r.585a>g","c.395A>G","p.K132R","protein_coding:exon:CDS:substitution:codon_variant:non_synonymous_codon","SO:0000010:SO:0000147:SO:0000316:SO:1000002:SO:0001581:SO:0001583","TP53 p.K132R","Protein coding mutation","no","no","no","no","Protein coding variant in driver gene","Protein coding variant in cancer gene","no","PD37580"
"18",50929251,"G","C","snv",1,"DCC","CCDS11952.1","r.3539g>c","c.2923G>C","p.G975R","protein_coding:exon:CDS:substitution:codon_variant:non_synonymous_codon","SO:0000010:SO:0000147:SO:0000316:SO:1000002:SO:0001581:SO:0001583","DCC p.G975R","Protein coding mutation","no","no","no","no","no","Protein coding variant in cancer gene","no","PD37580"
"19",6826644,"C","G","snv",3,"VAV1","CCDS12174.1","r.931c>g","c.849C>G","p.Y283*","protein_coding:exon:CDS:substitution:codon_variant:stop_gained","SO:0000010:SO:0000147:SO:0000316:SO:1000002:SO:0001581:SO:0001587","VAV1 p.Y283*","Protein coding mutation","no","no","no","no","no","Protein coding variant in cancer gene","no","PD37580"
"2",158634646,"T","G","snv",8,"ACVR1","CCDS2206.1","r.970a>c","c.540A>C","p.L180F","protein_coding:exon:CDS:substitution:codon_variant:non_synonymous_codon","SO:0000010:SO:0000147:SO:0000316:SO:1000002:SO:0001581:SO:0001583","ACVR1 p.L180F","Protein coding mutation","no","no","no","no","no","Protein coding variant in cancer gene","no","PD37580"
"2",176972793,"C","T","snv",3,"HOXD11","CCDS2265.1","r.780c>u","c.710C>T","p.A237V","protein_coding:exon:CDS:substitution:codon_variant:non_synonymous_codon","SO:0000010:SO:0000147:SO:0000316:SO:1000002:SO:0001581:SO:0001583","HOXD11 p.A237V","Protein coding mutation","no","no","no","no","no","Protein coding variant in cancer gene","no","PD37580"
"2",225367720,"T","C","snv",8,"CUL3","CCDS2462.1","r.1786a>g","c.1447A>G","p.T483A","protein_coding:exon:CDS:substitution:codon_variant:non_synonymous_codon","SO:0000010:SO:0000147:SO:0000316:SO:1000002:SO:0001581:SO:0001583","CUL3 p.T483A","Protein coding mutation","no","no","no","no","no","Protein coding variant in cancer gene","no","PD37580"
"2",25459806,"T","G","snv",10,"DNMT3A","CCDS33157.1","r.2815a>c","c.2477A>C","p.K826T","protein_coding:exon:CDS:substitution:codon_variant:non_synonymous_codon","SO:0000010:SO:0000147:SO:0000316:SO:1000002:SO:0001581:SO:0001583","DNMT3A p.K826T","Protein coding mutation","no","no","no","no","Protein coding variant in driver gene","Protein coding variant in cancer gene","no","PD37580"
"2",37105087,"C","A","snv",6,"STRN","CCDS1784.1","r.1279g>u","c.1270G>T","p.G424*","protein_coding:exon:CDS:substitution:codon_variant:stop_gained","SO:0000010:SO:0000147:SO:0000316:SO:1000002:SO:0001581:SO:0001587","STRN p.G424*","Protein coding mutation","no","no","no","no","no","Protein coding variant in cancer gene","no","PD37580"
"2",47656966,"A","C","snv",10,"MSH2","CCDS1834.1","r.1385a>c","c.1162A>C","p.N388H","protein_coding:exon:CDS:substitution:codon_variant:non_synonymous_codon","SO:0000010:SO:0000147:SO:0000316:SO:1000002:SO:0001581:SO:0001583","MSH2 p.N388H","Protein coding mutation","no","no","no","no","no","Protein coding variant in cancer gene","no","PD37580"
"2",65540927,"C","T","snv",1,"SPRED2","CCDS33211.1","r.1155g>a","c.965G>A","p.R322H","protein_coding:exon:CDS:substitution:codon_variant:non_synonymous_codon","SO:0000010:SO:0000147:SO:0000316:SO:1000002:SO:0001581:SO:0001583","SPRED2 p.R322H","Protein coding mutation","no","no","no","no","no","no","Biobank driver mutation","PD37580"
"2",70315237,"A","G","snv",4,"PCBP1","CCDS1898.1","r.653a>g","c.362A>G","p.K121R","protein_coding:exon:CDS:substitution:codon_variant:non_synonymous_codon","SO:0000010:SO:0000147:SO:0000316:SO:1000002:SO:0001581:SO:0001583","PCBP1 p.K121R","Protein coding mutation","no","no","no","no","no","Protein coding variant in cancer gene","no","PD37580"
"22",23655185,"A","T","snv",6,"BCR","CCDS13806.1","r.4185a>u","c.3434A>T","p.Y1145F","protein_coding:exon:CDS:substitution:codon_variant:non_synonymous_codon","SO:0000010:SO:0000147:SO:0000316:SO:1000002:SO:0001581:SO:0001583","BCR p.Y1145F","Protein coding mutation","no","no","no","no","no","Protein coding variant in cancer gene","no","PD37580"
"22",29091797,"G","A","snv",8,"CHEK2","CCDS33629.1","r.1365c>u","c.1289C>T","p.T430I","protein_coding:exon:CDS:substitution:codon_variant:non_synonymous_codon","SO:0000010:SO:0000147:SO:0000316:SO:1000002:SO:0001581:SO:0001583","CHEK2 p.T430I","Protein coding mutation","no","no","no","no","Protein coding variant in driver gene","Protein coding variant in cancer gene","Biobank driver mutation","PD37580"
"3",121190894,"T","G","snv",4,"POLQ","CCDS33833.1","r.6790a>c","c.6661A>C","p.N2221H","protein_coding:exon:CDS:substitution:codon_variant:non_synonymous_codon","SO:0000010:SO:0000147:SO:0000316:SO:1000002:SO:0001581:SO:0001583","POLQ p.N2221H","Protein coding mutation","no","no","no","no","no","Protein coding variant in cancer gene","no","PD37580"
"3",142281511,"T","G","snv",6,"ATR","CCDS3124.1","r.855a>c","c.733A>C","p.K245Q","protein_coding:exon:CDS:substitution:codon_variant:non_synonymous_codon","SO:0000010:SO:0000147:SO:0000316:SO:1000002:SO:0001581:SO:0001583","ATR p.K245Q","Protein coding mutation","no","no","no","no","no","Protein coding variant in cancer gene","no","PD37580"
"3",52678743,"C","T","snv",3,"PBRM1","CCDS43099.1","r.976g>a","c.876G>A","p.M292I","protein_coding:exon:CDS:substitution:codon_variant:non_synonymous_codon","SO:0000010:SO:0000147:SO:0000316:SO:1000002:SO:0001581:SO:0001583","PBRM1 p.M292I","Protein coding mutation","no","no","no","no","no","Protein coding variant in cancer gene","no","PD37580"
"3",71096192,"G","A","snv",19,"FOXP1","CCDS58837.1","r.725c>u","c.571C>T","p.Q191*","protein_coding:exon:CDS:substitution:codon_variant:stop_gained","SO:0000010:SO:0000147:SO:0000316:SO:1000002:SO:0001581:SO:0001587","FOXP1 p.Q191*","Protein coding mutation","no","no","no","no","no","Protein coding variant in cancer gene","no","PD37580"
"5",132262832,"T","C","snv",4,"AFF4","CCDS4164.1","r.1411a>g","c.1031A>G","p.K344R","protein_coding:exon:CDS:substitution:codon_variant:non_synonymous_codon","SO:0000010:SO:0000147:SO:0000316:SO:1000002:SO:0001581:SO:0001583","AFF4 p.K344R","Protein coding mutation","no","no","no","no","no","Protein coding variant in cancer gene","no","PD37580"
"5",176638222,"G","A","snv",2,"NSD1","CCDS4412.1","r.2867g>a","c.2822G>A","p.R941H","protein_coding:exon:CDS:substitution:codon_variant:non_synonymous_codon","SO:0000010:SO:0000147:SO:0000316:SO:1000002:SO:0001581:SO:0001583","NSD1 p.R941H","Protein coding mutation","no","no","no","no","no","Protein coding variant in cancer gene","no","PD37580"
"6",118010770,"A","C","snv",1,"NUS1","CCDS5118.1","r.?","-","-","protein_coding:intron:CDS:substitution:intron_variant","SO:0000010:SO:0000188:SO:0000316:SO:1000002:SO:0001627","NUS1 -","no","no","no","no","Non coding driver","no","no","no","PD37580"
"6",118021264,"A","C","snv",6,"NUS1","CCDS5118.1","r.?","-","-","protein_coding:intron:CDS:substitution:intron_variant","SO:0000010:SO:0000188:SO:0000316:SO:1000002:SO:0001627","NUS1 -","no","no","no","no","Non coding driver","no","no","no","PD37580"
"6",118024909,"A","C","snv",10,"NUS1","CCDS5118.1","r.?","-","-","protein_coding:intron:CDS:substitution:intron_variant","SO:0000010:SO:0000188:SO:0000316:SO:1000002:SO:0001627","NUS1 -","no","no","no","no","Non coding driver","no","no","no","PD37580"
"6",152163865,"C","G","snv",3,"ESR1","CCDS5234.1","r.956c>g","c.586C>G","p.H196D","protein_coding:exon:CDS:substitution:codon_variant:non_synonymous_codon","SO:0000010:SO:0000147:SO:0000316:SO:1000002:SO:0001581:SO:0001583","ESR1 p.H196D","Protein coding mutation","no","no","no","no","no","Protein coding variant in cancer gene","no","PD37580"
"7",116312997,"G","A","snv",9,"MET","CCDS43636.1","r.?","-","-","protein_coding:intron:five_prime_UTR:substitution:intron_variant","SO:0000010:SO:0000188:SO:0000204:SO:1000002:SO:0001627","MET -","no","no","no","UTR intron","Non coding driver","no","no","no","PD37580"
"7",116337590,"G","C","snv",4,"MET","CCDS43636.1","r.?","-","-","protein_coding:intron:five_prime_UTR:substitution:intron_variant","SO:0000010:SO:0000188:SO:0000204:SO:1000002:SO:0001627","MET -","no","no","no","UTR intron","Non coding driver","no","no","no","PD37580"
"7",116347309,"A","C","snv",2,"MET","CCDS43636.1","r.?","-","-","protein_coding:intron:CDS:substitution:intron_variant","SO:0000010:SO:0000188:SO:0000316:SO:1000002:SO:0001627","MET -","no","no","no","no","Non coding driver","no","no","no","PD37580"
"7",116350585,"T","C","snv",19,"MET","CCDS43636.1","r.?","-","-","protein_coding:intron:CDS:substitution:intron_variant","SO:0000010:SO:0000188:SO:0000316:SO:1000002:SO:0001627","MET -","no","no","no","no","Non coding driver","no","no","no","PD37580"
"7",116389808,"G","T","snv",7,"MET","CCDS43636.1","r.?","-","-","protein_coding:intron:CDS:substitution:intron_variant","SO:0000010:SO:0000188:SO:0000316:SO:1000002:SO:0001627","MET -","no","no","no","no","Non coding driver","no","no","no","PD37580"
"7",116441240,"A","G","snv",10,"MET","CCDS43636.1","r.?","-","-","protein_coding:substitution:5KB_downstream_variant","SO:0000010:SO:1000002:SO:0001633","MET -","no","no","no","no","Non coding driver","no","no","no","PD37580"
"8",103284964,"T","C","snv",5,"UBR5","CCDS34933.1","r.7373a>g","c.6766A>G","p.M2256V","protein_coding:exon:CDS:substitution:codon_variant:non_synonymous_codon","SO:0000010:SO:0000147:SO:0000316:SO:1000002:SO:0001581:SO:0001583","UBR5 p.M2256V","Protein coding mutation","no","no","no","no","no","Protein coding variant in cancer gene","no","PD37580"
"8",113256790,"T","C","snv",5,"CSMD3","CCDS6315.1","r.10480a>g","c.10235A>G","p.K3412R","protein_coding:exon:CDS:substitution:codon_variant:non_synonymous_codon","SO:0000010:SO:0000147:SO:0000316:SO:1000002:SO:0001581:SO:0001583","CSMD3 p.K3412R","Protein coding mutation","no","no","no","no","no","Protein coding variant in cancer gene","no","PD37580"
"8",90949280,"T","A","snv",7,"NBN","CCDS6249.1","r.2363a>u","c.2208A>T","p.E736D","protein_coding:exon:CDS:substitution:codon_variant:non_synonymous_codon","SO:0000010:SO:0000147:SO:0000316:SO:1000002:SO:0001581:SO:0001583","NBN p.E736D","Protein coding mutation","no","no","no","no","no","Protein coding variant in cancer gene","no","PD37580"
"9",132658130,"G","C","snv",5,"FNBP1","CCDS48040.1","r.2020c>g","c.1833C>G","p.D611E","protein_coding:exon:CDS:substitution:codon_variant:non_synonymous_codon","SO:0000010:SO:0000147:SO:0000316:SO:1000002:SO:0001581:SO:0001583","FNBP1 p.D611E","Protein coding mutation","no","no","no","no","no","Protein coding variant in cancer gene","no","PD37580"
"X",152815099,"T","G","snv",1,"ATP2B3","CCDS35440.1","r.1609u>g","c.1483T>G","p.Y495D","protein_coding:exon:CDS:substitution:codon_variant:non_synonymous_codon","SO:0000010:SO:0000147:SO:0000316:SO:1000002:SO:0001581:SO:0001583","ATP2B3 p.Y495D","Protein coding mutation","no","no","no","no","no","Protein coding variant in cancer gene","no","PD37580"
"X",37029256,"G","C","snv",10,"FAM47C","CCDS35227.1","r.2825g>c","c.2773G>C","p.A925P","protein_coding:exon:CDS:substitution:codon_variant:non_synonymous_codon","SO:0000010:SO:0000147:SO:0000316:SO:1000002:SO:0001581:SO:0001583","FAM47C p.A925P","Protein coding mutation","no","no","no","no","no","Protein coding variant in cancer gene","no","PD37580"
"X",76909589,"T","C","snv",5,"ATRX","CCDS14434.1","r.4531a>g","c.4316A>G","p.K1439R","protein_coding:exon:CDS:substitution:codon_variant:non_synonymous_codon","SO:0000010:SO:0000147:SO:0000316:SO:1000002:SO:0001581:SO:0001583","ATRX p.K1439R","Protein coding mutation","no","no","no","no","Protein coding variant in driver gene","Protein coding variant in cancer gene","no","PD37580"
"17",58740731,"CT","C","indel",13,"PPM1D","CCDS11625.1","r.1869delU","c.1637delT","p.L546fs*2","protein_coding:exon:CDS:deletion:frameshift_variant","SO:0000010:SO:0000147:SO:0000316:SO:0000159:SO:0001589","PPM1D p.L546fs*2","Protein coding mutation","no","no","no","no","Protein coding variant in driver gene","Protein coding variant in cancer gene","no","PD37580"
